Keyword,Course
enterprise AI,Getting Started with Enterprise AI
artificial intelligence,Getting Started with Enterprise AI
machine learning,Getting Started with Enterprise AI
predictive modeling,Getting Started with Enterprise AI
data science,Getting Started with Enterprise AI
big data,Getting Started with Enterprise AI
cloud computing,Getting Started with Enterprise AI
data analytics,Getting Started with Enterprise AI
data visualization,Getting Started with Enterprise AI
natural language processing,Getting Started with Enterprise AI
machine learning,IBM Watson Machine Learning Essentials
deep learning,IBM Watson Machine Learning Essentials
predictive modeling,IBM Watson Machine Learning Essentials
data science,IBM Watson Machine Learning Essentials
big data,IBM Watson Machine Learning Essentials
cloud computing,IBM Watson Machine Learning Essentials
data analytics,IBM Watson Machine Learning Essentials
neural networks,IBM Watson Machine Learning Essentials
Python programming,IBM Watson Machine Learning Essentials
supervised learning,IBM Watson Machine Learning Essentials
data science,IBM AI Education
big data,IBM AI Education
machine learning,IBM AI Education
predictive modeling,IBM AI Education
data analytics,IBM AI Education
data visualization,IBM AI Education
Python programming,IBM AI Education
neural networks,IBM AI Education
deep learning,IBM AI Education
natural language processing,IBM AI Education
quantum computing,Introduction to Quantum Computing and Quantum Hardware
quantum information,Introduction to Quantum Computing and Quantum Hardware
quantum algorithms,Introduction to Quantum Computing and Quantum Hardware
quantum hardware,Introduction to Quantum Computing and Quantum Hardware
quantum machine learning,Introduction to Quantum Computing and Quantum Hardware
quantum programming,Introduction to Quantum Computing and Quantum Hardware
quantum physics,Introduction to Quantum Computing and Quantum Hardware
quantum cryptography,Introduction to Quantum Computing and Quantum Hardware
quantum error correction,Introduction to Quantum Computing and Quantum Hardware
quantum simulation,Introduction to Quantum Computing and Quantum Hardware
Journey to Cloud, cloud computing
AWS, cloud computing
Microsoft Azure, cloud computing
Google Cloud Platform, cloud computing
cloud architecture, cloud computing
cloud security, cloud computing
cloud migration, cloud computing
hybrid cloud, cloud computing
serverless computing, cloud computing
cloud analytics, cloud computing
IBM Robotic Automation - Basic I, robotic automation
RPA, robotic automation
process automation, robotic automation
process improvement, robotic automation
automation Anywhere, robotic automation
UiPath, robotic automation
Blue Prism, robotic automation
digital workforce, robotic automation
process efficiency, robotic automation
business process automation, robotic automation
Developing Secure Software, software development
secure coding, software development
secure software design, software development
software testing, software development
DevSecOps, software development
application security, software development
vulnerability management, software development
OWASP Top 10, software development
threat modeling, software development
security testing, software development
IBM Process Mining, process mining
process analytics, process mining
process discovery, process mining
process modeling, process mining
process simulation, process mining
process automation, process mining
process optimization, process mining
data-driven process analysis, process mining
business process management, process mining
process intelligence, process mining
software security,Developing Secure Software
secure coding,Developing Secure Software
penetration testing,Developing Secure Software
application security,Developing Secure Software
secure software design,Developing Secure Software
DevSecOps,Developing Secure Software
vulnerability management,Developing Secure Software
security testing,Developing Secure Software
OWASP Top 10,Developing Secure Software
security compliance,Developing Secure Software
cyber threat intelligence,Threat Intelligence and Hunting
threat hunting,Threat Intelligence and Hunting
malware analysis,Threat Intelligence and Hunting
incident response,Threat Intelligence and Hunting
network security,Threat Intelligence and Hunting
cybersecurity analytics,Threat Intelligence and Hunting
log analysis,Threat Intelligence and Hunting
security monitoring,Threat Intelligence and Hunting
threat intelligence sharing,Threat Intelligence and Hunting
SOC operations,Threat Intelligence and Hunting
Linux,Red Hat System Administration I
system administration,Red Hat System Administration I
command line,Red Hat System Administration I
Linux filesystems,Red Hat System Administration I
users and groups,Red Hat System Administration I
security,Red Hat System Administration I
shell scripting,Red Hat System Administration I
networking,Red Hat System Administration I
storage,Red Hat System Administration I
virtualization,Red Hat System Administration I
OpenShift,Introduction to OpenShift Applications
Kubernetes,Introduction to OpenShift Applications
cloud-native development,Introduction to OpenShift Applications
containerization,Introduction to OpenShift Applications
microservices,Introduction to OpenShift Applications
DevOps,Introduction to OpenShift Applications
continuous integration,Introduction to OpenShift Applications
continuous deployment,Introduction to OpenShift Applications
scalability,Introduction to OpenShift Applications
application security,Introduction to OpenShift Applications
data science,Getting Started with Enterprise Data Science
machine learning,Getting Started with Enterprise Data Science
big data,Getting Started with Enterprise Data Science
Python programming,Getting Started with Enterprise Data Science
data analytics,Getting Started with Enterprise Data Science
data visualization,Getting Started with Enterprise Data Science
cloud computing,Getting Started with Enterprise Data Science
neural networks,Getting Started with Enterprise Data Science
deep learning,Getting Started with Enterprise Data Science
natural language processing,Getting Started with Enterprise Data Science
open source software,OpenDS4All
Linux,OpenDS4All
Python,OpenDS4All
data analysis,OpenDS4All
data visualization,OpenDS4All
machine learning,OpenDS4All
neural networks,OpenDS4All
deep learning,OpenDS4All
big data,OpenDS4All
cloud computing,OpenDS4All